trace_id,condition,pattern,pattern_rank,occurrence_start,window_n,verdict,localization_distance,origin_start_in_window,failure_summary,root_cause_span,root_cause_reason,justification,mad_relative_path,model
11,random_control,RANDOM,,20,4,not_caused,,,"The run failed because the agent incorrectly concluded that the bug was already fixed, despite the issue being present in the code, and did not apply the necessary patch.",,,"The highlighted window shows a PLAN → ACT → TERMINATE sequence where the agent drafts a response claiming the bug is already fixed. The initiating fault occurred earlier when the agent first examined the code and mistakenly believed the existing code already handled the PK clearing, leading to the incorrect conclusion. That fault is outside the highlighted window.",full_set/HyperAgent/Claude/SWE-Bench-Lite/Fail/1.1/HyperAgent_SWE-Bench-Lite_Claude__idx11__tid11.json,deepseek-v4-pro
15,random_control,RANDOM,,15,4,not_caused,,,The run failed because the agent's modifications to handle MultiIndex DataFrames introduced a new error ('PairGrid' object has no attribute 'diag_axes') and did not resolve the original KeyError.,,,"The highlighted window shows a TERMINATE action followed by an ACT (code patch) and a PLAN, which are part of the agent's final summary and proposed solution. The initiating fault occurred earlier when the agent decided to flatten MultiIndex columns in the PairGrid __init__ method (event 8), which later caused the 'diag_axes' error. That fault is not within the highlighted window.",full_set/HyperAgent/Claude/SWE-Bench-Lite/Fail/1.1/HyperAgent_SWE-Bench-Lite_Claude__idx15__tid15.json,deepseek-v4-pro
18,random_control,RANDOM,,18,4,not_caused,,,"The run failed because the agent's modifications to the Flask source code were not applied, and subsequent attempts to test a custom Config class resulted in KeyError due to incorrect use of from_mapping.",,,"The highlighted window shows ACT (proposing a custom Config class) followed by PLAN (debugging advice) and another ACT (running a test script). The initiating fault occurred earlier when the agent's first edit to the source code was not persisted, causing the test to fail. That fault lies outside the highlighted window.",full_set/HyperAgent/Claude/SWE-Bench-Lite/Fail/1.1/HyperAgent_SWE-Bench-Lite_Claude__idx18__tid18.json,deepseek-v4-pro
5,random_control,RANDOM,,15,4,not_caused,,,"The run failed because the agent added a new function set_seaborn_colorblind_style() instead of implementing the correct fix from the patch, which involves modifying the _StyleLibrary class to handle deprecated seaborn styles.",,,"The highlighted window shows a PLAN→ACT→TERMINATE→ACT sequence where the agent redundantly adds the set_seaborn_colorblind_style() function and updates documentation, but the initiating fault occurred earlier when the agent decided to create this new function instead of applying the correct patch that modifies _StyleLibrary and reload_library.",full_set/HyperAgent/Claude/SWE-Bench-Lite/Fail/1.1/HyperAgent_SWE-Bench-Lite_Claude__idx5__tid5.json,deepseek-v4-pro
10,random_control,RANDOM,,15,4,not_caused,,,"The run failed because the agent added a _print_sinc method that incorrectly used Ne(expr.args[0], 0) instead of the correct condition, and subsequent testing and planning were confused by environment issues.",,,"The highlighted window shows ACT (attempting to define sinc as Piecewise) followed by INFORM (noting a conda issue) and another ACT (repeating the same code). The initiating fault occurred earlier when the agent added the _print_sinc method with the wrong condition (Ne instead of Eq) in event [9], which is outside the window.",full_set/HyperAgent/Claude/SWE-Bench-Lite/Fail/1.3/HyperAgent_SWE-Bench-Lite_Claude__idx10__tid10.json,deepseek-v4-pro
17,random_control,RANDOM,,19,4,not_caused,,,"The run failed because the agent attempted to modify the check_array function and other clustering metrics with an incorrect patch that introduced syntax errors and missing imports, and the test suite could not run due to a build issue.",,,"The highlighted window shows a series of PLAN and ACT actions where the agent attempts to apply patches to mutual_info_score, v_measure_score, and fowlkes_mallows_score, and then runs tests. The initiating fault occurred earlier in the trace (event 10) when the agent proposed a flawed modification to check_array with an allow_string_labels parameter, which was not part of the actual fix (the real patch only adds dtype=None to check_clusterings). The highlighted window does not contain this initiating fault.",full_set/HyperAgent/Claude/SWE-Bench-Lite/Fail/1.3/HyperAgent_SWE-Bench-Lite_Claude__idx17__tid17.json,deepseek-v4-pro
21,random_control,RANDOM,,48,4,not_caused,,,"The run failed because the agent incorrectly modified the PairGrid code to handle hue as a Series, but the actual bug was in _oldcore.py's _lookup_single method.",,,"The highlighted window shows a PLAN → ACT sequence where the agent reviews changes to the _plot_bivariate method and then creates a test script. The initiating fault is the original bug in _lookup_single (event 1), which lies far earlier in the trace. The window does not contain that fault.",full_set/HyperAgent/Claude/SWE-Bench-Lite/Fail/1.3/HyperAgent_SWE-Bench-Lite_Claude__idx21__tid21.json,deepseek-v4-pro
7,random_control,RANDOM,,16,4,not_caused,,,The run failed because the test execution encountered import and build errors due to an improperly installed scikit-learn package.,,,"The highlighted window shows a sequence of VERIFY_FAIL, ERROR, ACT, and PLAN events where the executor attempts to run tests but fails due to environment setup issues (import errors, timeouts). The initiating fault occurred earlier when the editor incorrectly inserted a patch at the wrong location, causing code corruption that later led to test failures. That fault is outside the highlighted window.",full_set/HyperAgent/Claude/SWE-Bench-Lite/Fail/1.3/HyperAgent_SWE-Bench-Lite_Claude__idx7__tid7.json,deepseek-v4-pro
12,random_control,RANDOM,,29,4,not_caused,,,"The run failed because the agent's modifications to the Permutation constructor did not correctly handle non-disjoint cycles, resulting in a non-identity permutation instead of the expected identity.",,,"The highlighted window shows the agent proposing a code modification (ACT) and then planning to test it (PLAN). The initiating fault occurred earlier in the trace when the agent first misidentified the relevant method (e.g., focusing on __init__ instead of __new__) and proposed an incorrect fix that did not properly apply cycles in left-to-right order. That earlier mistake set the path to failure, not the actions in this window.",full_set/HyperAgent/Claude/SWE-Bench-Lite/Fail/3.3/HyperAgent_SWE-Bench-Lite_Claude__idx12__tid12.json,deepseek-v4-pro
